Workbook

Sheet Model_inputs
B3: Product | C3: Price [pln] | D3: Production cost [pln] | F3: Client | G3: P1 demand | H3: P2 demand | J3: Machine | K3: P1 processing time [h/unit] | L3: P2 processing time [h/unit] | M3: Limit [h] | N3: Fixed cost
B4: P1 | C4: 900 | D4: 500 | F4: C1 | G4: 200 | H4: 200 | J4: M1 | K4: 0.1 | L4: 0.15 | M4: 300 | N4: 12000
B5: P2 | C5: 650 | D5: 400 | F5: C2 | G5: 300 | H5: 300 | J5: M2 | K5: 0.15 | L5: 0.1 | M5: 300 | N5: 9000
F6: C3 | G6: 300 | H6: 375
B9: Vehicle | C9: Type | D9: Capacity | F9: Vehicle | G9: Fuel cost pln/km | J9: Vehicle | K9: Fixed cost pln/trip
B10: V1 | C10: small bus | D10: 10 | F10: V1 | G10: 1.8 | J10: V1 | K10: 180
B11: V2 | C11: middle truck | D11: 22 | F11: V2 | G11: 2 | J11: V2 | K11: 420
B12: V3 | C12: large truck | D12: 34 | F12: V3 | G12: 2.1 | J12: V3 | K12: 530
B15: Client | C15: Distance [km] | F15: Labour | G15: cost [pln] | J15: Cost matrix 2 | K15: C1 | L15: C2 | M15: C3
B16: C1 | C16: 40 | F16: Fixed | G16: 120000 | J16: V1 | K16: =($C$16*G10+K10) -> 252 | L16: =($C$17*G10+K10) -> 378 | M16: =($C$18*G10+K10) -> 612
B17: C2 | C17: 110 | F17: Variable | G17: 85 | J17: V2 | K17: =($C$16*G11+K11) -> 500 | L17: =($C$17*G11+K11) -> 640 | M17: =($C$18*G11+K11) -> 900
B18: C3 | C18: 240 | J18: V3 | K18: =($C$16*G12+K12) -> 614 | L18: =($C$17*G12+K12) -> 761 | M18: =($C$18*G12+K12) -> 1034

Sheet Optimization_model
B1: DECISION VARIABLES
D3: P1 | I3: P2 | M3: Constraints
D4: 800 | I4: 875
M5: Production | S5: Demand P1
C6: C1 | D6: C2 | E6: C3 | H6: C1 | I6: C2 | J6: C3 | M6: P1 | N6: =D4 -> 800 | O6: <= | P6: =SUM(Model_inputs!G4:G6) -> 800 | S6: C1 | T6: =SUM(C7:C9) -> 200 | U6: = | V6: =Model_inputs!G4 -> 200
B7: V1 | C7: 0 | D7: 0 | E7: 0 | G7: V1 | H7: 0 | I7: 0 | J7: 0 | M7: P2 | N7: =I4 -> 875 | O7: <= | P7: =SUM(Model_inputs!H4:H6) -> 875 | S7: C2 | T7: =SUM(D7:D9) -> 300 | U7: = | V7: =Model_inputs!G5 -> 300
B8: V2 | C8: 0 | D8: 0 | E8: 0 | G8: V2 | H8: 0 | I8: 22 | J8: 0 | S8: C3 | T8: =SUM(E7:E9) -> 300 | U8: = | V8: =Model_inputs!G6 -> 300
B9: V3 | C9: 200 | D9: 300 | E9: 300 | G9: V3 | H9: 200 | I9: 278 | J9: 375 | M9: Machines
M10: M1 | N10: =D4*Model_inputs!K4+Optimization_model!I4*Model_inputs!L4 -> 211.25 | O10: <= | P10: =Model_inputs!M4*C13 -> 300 | S10: Demand P2
M11: M2 | N11: =D4*Model_inputs!K5+Optimization_model!I4*Model_inputs!L5 -> 207.5 | O11: <= | P11: =Model_inputs!M5*C14 -> 300 | S11: C1 | T11: =SUM(H7:H9) -> 200 | U11: = | V11: =Model_inputs!H4 -> 200
C12: Machines | H12: C1 | I12: C2 | J12: C3 | S12: C2 | T12: =SUM(I7:I9) -> 300 | U12: = | V12: =Model_inputs!H5 -> 300
B13: M1 | C13: 1 | G13: V1 | H13: 0 | I13: 0 | J13: 0 | M13: Vehicles | S13: C3 | T13: =SUM(J7:J9) -> 375 | U13: = | V13: =Model_inputs!H6 -> 375
B14: M2 | C14: 1 | G14: V2 | H14: 0 | I14: 1 | J14: 0 | M14: V1 | N14: =SUM(C7:E7,H7:J7) -> 0 | O14: <= | P14: =C17*Model_inputs!D10 -> 0
G15: V3 | H15: 12 | I15: 17 | J15: 20 | M15: V2 | N15: =SUM(C8:E8,H8:J8) -> 22 | O15: <= | P15: =C18*Model_inputs!D11 -> 22 | S15: Trips
C16: Vehicles | M16: V3 | N16: =SUM(C9:E9,H9:J9) -> 1653 | O16: <= | P16: =C19*Model_inputs!D12 -> 1666 | S16: V1 | T16: =SUM(H13:J13) -> 0 | U16: = | V16: =C17 -> 0
B17: V1 | C17: 0 | S17: V2 | T17: =SUM(H14:J14) -> 1 | U17: = | V17: =C18 -> 1
B18: V2 | C18: 1 | M18: Supply | S18: V3 | T18: =SUM(H15:J15) -> 49 | U18: = | V18: =C19 -> 49
B19: V3 | C19: 49 | M19: P1 | N19: =SUM(C7:E9) -> 800 | O19: <= | P19: =D4 -> 800
M20: P2 | N20: =SUM(H7:J9) -> 875 | O20: <= | P20: =I4 -> 875 | S20: Pal/Truck
B21: Objective - MAX | E21: Income | F21: Prod Cost | G21: Fixed M cost | H21: Transp Total | I21: Labour | S21: V1 | T21: =SUM(C7,H7) -> 0 | U21: <= | V21: =H13*10 -> 0
B22: =E22-F22-G22-I22-H22 -> 213750 | E22: =D4*Model_inputs!C4+I4*Model_inputs!C5 -> 1288750 | F22: =D4*Model_inputs!D4+Optimization_model!I4*Model_inputs!D5 -> 750000 | G22: =C13*Model_inputs!N4+Optimization_model!C14*Model_inputs!N5 -> 21000 | H22: =SUMPRODUCT(H13:J15,Model_inputs!K16:M18) -> 41625 | I22: =SUM(Optimization_model!D4,Optimization_model!I4)*Model_inputs!G17+Model_inputs!G16 -> 262375 | T22: =SUM(D7,I7) -> 0 | U22: <= | V22: =I13*10 -> 0
T23: =SUM(E7,J7) -> 0 | U23: <= | V23: =J13*10 -> 0
S25: V2 | T25: =SUM(C8,H8) -> 0 | U25: <= | V25: =H14*22 -> 0
T26: =SUM(D8,I8) -> 22 | U26: <= | V26: =I14*22 -> 22
T27: =SUM(E8,J8) -> 0 | U27: <= | V27: =J14*22 -> 0
S29: V3 | T29: =SUM(C9,H9) -> 400 | U29: <= | V29: =H15*34 -> 408
T30: =SUM(D9,I9) -> 578 | U30: <= | V30: =I15*34 -> 578
T31: =SUM(E9,J9) -> 675 | U31: <= | V31: =J15*34 -> 680
